id,first_name,last_name,email,gender,ip_address
1,Nancee,Morrallee,nmorrallee0@ucsd.edu,Female,68.233.73.45
2,Harli,Tirone,htirone1@loc.gov,Female,223.141.143.178
3,Meghan,Hein,mhein2@wsj.com,Female,156.9.181.5
4,Peta,A'Barrow,pabarrow3@yale.edu,Female,108.14.116.234
5,Nathalia,McPharlain,nmcpharlain4@plala.or.jp,Female,203.192.113.88
6,Valle,Frudd,vfrudd5@nba.com,Male,27.146.194.180
7,Cordelia,Winder,cwinder6@army.mil,Female,23.158.13.253
8,Barclay,Farmloe,bfarmloe7@examiner.com,Male,112.13.72.210
9,Stevie,Alphonso,salphonso8@about.com,Male,122.141.240.141
10,Geri,Hume,ghume9@friendfeed.com,Male,196.22.151.189
11,Dunn,Davet,ddaveta@spiegel.de,Genderfluid,102.188.182.84
12,Loren,Moggle,lmoggleb@google.com.hk,Female,33.46.124.157
13,Tess,Semrad,tsemradc@latimes.com,Female,179.228.48.227
14,Deane,Tokley,dtokleyd@moonfruit.com,Female,162.16.110.25
15,Eb,Chown,echowne@shop-pro.jp,Male,250.250.227.3
16,Derrick,Lamacraft,dlamacraftf@opera.com,Agender,158.169.58.244
17,Clare,Brandi,cbrandig@netlog.com,Female,22.42.29.12
18,West,Stonnell,wstonnellh@bluehost.com,Male,90.230.70.74
19,Esme,Prestwich,eprestwichi@ftc.gov,Female,96.32.218.185
20,Kimball,Juliano,kjulianoj@goodreads.com,Male,224.209.85.87
21,Karon,Kopisch,kkopischk@chron.com,Female,213.164.212.236
22,Uri,Bratch,ubratchl@sohu.com,Agender,204.37.175.98
23,Osbourne,Skelhorn,oskelhornm@mtv.com,Male,97.241.66.183
24,Tiphani,Arends,tarendsn@jimdo.com,Female,94.239.98.252
25,Rickard,Odams,rodamso@imgur.com,Male,157.138.251.207
26,Ev,Gain,egainp@ebay.com,Male,213.218.6.29
27,Barnard,Vlasyuk,bvlasyukq@hao123.com,Male,238.236.227.49
28,Martguerita,Biner,mbinerr@cocolog-nifty.com,Female,22.168.137.221
29,Patrica,Philliphs,pphilliphss@privacy.gov.au,Female,22.101.93.87
30,Gabbie,Cunrado,gcunradot@yellowbook.com,Female,163.95.62.231
31,Alis,Mailey,amaileyu@yandex.ru,Female,88.197.32.221
32,Link,Carles,lcarlesv@guardian.co.uk,Male,44.2.108.210
33,Marieann,Menat,mmenatw@qq.com,Female,208.87.115.46
34,Rodney,Salzburger,rsalzburgerx@drupal.org,Male,243.171.47.250
35,Montgomery,Slark,mslarky@icq.com,Male,227.77.139.66
36,Laurene,Constance,lconstancez@miibeian.gov.cn,Female,249.79.227.133
37,Demetris,Matteris,dmatteris10@hubpages.com,Genderfluid,1.221.152.177
38,Trumaine,Camel,tcamel11@dailymotion.com,Agender,74.201.64.117
39,Fletcher,Klimczak,fklimczak12@chicagotribune.com,Male,255.103.140.18
40,Elana,Folliott,efolliott13@dailymail.co.uk,Female,120.209.119.208
41,Keith,Geeritz,kgeeritz14@imageshack.us,Male,67.43.252.192
42,Pieter,Adolfsen,padolfsen15@ox.ac.uk,Male,49.159.177.47
43,Hill,Cleugher,hcleugher16@home.pl,Male,8.180.107.4
44,Annice,Bendix,abendix17@woothemes.com,Female,229.29.3.249
45,Berke,Vittle,bvittle18@technorati.com,Male,99.113.51.225
46,Barth,Laurenty,blaurenty19@storify.com,Male,189.22.147.101
47,Haskell,Miles,hmiles1a@bigcartel.com,Male,248.2.132.201
48,Hillyer,Gounet,hgounet1b@php.net,Male,176.31.41.157
49,Siobhan,Archbell,sarchbell1c@slideshare.net,Female,9.141.222.129
50,Der,Spratling,dspratling1d@spotify.com,Male,146.170.118.88
51,Norry,Fairlem,nfairlem1e@pinterest.com,Male,184.247.7.29
52,Mano,Cartledge,mcartledge1f@state.tx.us,Male,155.72.190.226
53,Tyler,Astbury,tastbury1g@icio.us,Male,191.1.127.247
54,Sophey,Moro,smoro1h@moonfruit.com,Female,245.103.28.51
55,Saloma,Smewin,ssmewin1i@naver.com,Female,111.116.18.202
56,Patrick,Colqueran,pcolqueran1j@networksolutions.com,Non-binary,95.233.102.79
57,Val,Brant,vbrant1k@ftc.gov,Male,113.106.249.229
58,Gail,Saura,gsaura1l@dyndns.org,Female,164.121.134.35
59,Emmye,Waliszewski,ewaliszewski1m@histats.com,Female,28.95.114.171
60,Arney,Heijnen,aheijnen1n@xrea.com,Male,217.149.76.184
61,Frayda,Callf,fcallf1o@furl.net,Female,186.78.240.123
62,Jacinta,Croyden,jcroyden1p@hp.com,Female,141.160.167.2
63,Rocky,Peggs,rpeggs1q@free.fr,Male,249.56.100.208
64,Pepito,Mathiot,pmathiot1r@usnews.com,Male,133.96.253.131
65,Winni,Raw,wraw1s@addthis.com,Female,131.125.117.76
66,Naoma,Visco,nvisco1t@fastcompany.com,Female,163.127.42.122
67,Yehudit,Swannie,yswannie1u@unc.edu,Male,124.38.142.121
68,Alina,Burtonwood,aburtonwood1v@java.com,Female,217.223.119.59
69,Darcy,Showl,dshowl1w@ftc.gov,Male,220.208.113.64
70,Reine,McCotter,rmccotter1x@constantcontact.com,Female,149.50.26.122
71,Maje,Calvie,mcalvie1y@columbia.edu,Male,245.246.80.94
72,Janenna,Brewitt,jbrewitt1z@discuz.net,Female,210.219.210.171
73,Joeann,Brauns,jbrauns20@wordpress.org,Agender,1.217.164.189
74,Robin,Clacson,rclacson21@whitehouse.gov,Female,35.71.99.108
75,Frannie,Farmar,ffarmar22@biblegateway.com,Male,101.149.192.187
76,Sidonia,Girkins,sgirkins23@ycombinator.com,Female,206.17.65.104
77,Martie,Cavie,mcavie24@acquirethisname.com,Female,201.21.114.178
78,Juanita,Verey,jverey25@google.de,Female,153.186.112.45
79,Roddie,Telling,rtelling26@alibaba.com,Male,11.175.39.14
80,Roderic,Bonhome,rbonhome27@skype.com,Male,153.58.240.35
81,Anson,Chantler,achantler28@zimbio.com,Male,57.207.238.17
82,Forrester,Kerwood,fkerwood29@angelfire.com,Male,156.146.237.3
83,Willis,Hagwood,whagwood2a@illinois.edu,Male,64.137.147.108
84,Finlay,Wandrich,fwandrich2b@multiply.com,Male,53.198.243.218
85,Estella,Padbery,epadbery2c@abc.net.au,Female,220.226.75.247
86,Renelle,Middle,rmiddle2d@ibm.com,Female,174.26.225.84
87,Gretta,Gerholz,ggerholz2e@wikispaces.com,Female,213.119.246.8
88,Giralda,Peachman,gpeachman2f@ucla.edu,Female,104.231.238.245
89,Katlin,Style,kstyle2g@cbslocal.com,Non-binary,31.178.151.143
90,Somerset,Leppard,sleppard2h@kickstarter.com,Male,152.110.111.124
91,Timmy,Pardal,tpardal2i@odnoklassniki.ru,Male,139.34.33.92
92,Jeannie,Barnardo,jbarnardo2j@chron.com,Female,109.223.104.235
93,Margarethe,Cluney,mcluney2k@bluehost.com,Female,148.7.75.36
94,Yorker,Epple,yepple2l@google.es,Male,233.197.68.25
95,Tabby,Scholl,tscholl2m@goo.gl,Female,61.48.255.199
96,Nathanil,Canedo,ncanedo2n@paginegialle.it,Male,44.26.169.212
97,Ganny,Fenning,gfenning2o@guardian.co.uk,Male,197.120.204.51
98,Saidee,Yallop,syallop2p@over-blog.com,Female,38.36.81.238
99,Pancho,Weyman,pweyman2q@comsenz.com,Non-binary,93.50.124.175
100,Vivie,MacMaykin,vmacmaykin2r@webnode.com,Female,236.58.215.110
101,Ozzie,Armer,oarmer2s@blinklist.com,Male,177.202.186.166
102,Gustavo,Allerton,gallerton2t@who.int,Male,78.17.198.53
103,Darill,Solland,dsolland2u@huffingtonpost.com,Non-binary,253.45.32.61
104,Leonardo,Woodington,lwoodington2v@webmd.com,Male,190.180.107.166
105,Geri,Bilson,gbilson2w@topsy.com,Female,160.89.83.65
106,Stephanus,Ormes,sormes2x@army.mil,Male,74.193.233.5
107,Toiboid,Tesche,ttesche2y@nydailynews.com,Male,170.115.152.73
108,Dorolice,Kolinsky,dkolinsky2z@comsenz.com,Female,122.21.113.152
109,Cullan,Malinowski,cmalinowski30@github.com,Male,241.196.121.50
110,Dell,Kerton,dkerton31@wordpress.org,Male,61.112.64.91
111,Claiborn,Cod,ccod32@hubpages.com,Male,0.16.194.237
112,Herc,Watkiss,hwatkiss33@edublogs.org,Male,243.69.28.48
113,Marcie,Kelshaw,mkelshaw34@about.me,Female,24.218.212.57
114,Eduard,Martignon,emartignon35@buzzfeed.com,Male,150.23.142.153
115,Pippa,Poncet,pponcet36@macromedia.com,Female,218.249.65.91
116,Alfy,Braune,abraune37@alexa.com,Female,209.109.55.128
117,Noreen,Eatherton,neatherton38@yandex.ru,Female,74.5.255.70
118,Christin,D'Emanuele,cdemanuele39@google.es,Female,182.232.91.206
119,Brook,Colby,bcolby3a@princeton.edu,Female,32.11.185.70
120,Mitchel,Motion,mmotion3b@drupal.org,Male,246.141.156.172
121,Miran,Stennet,mstennet3c@qq.com,Female,36.221.169.140
122,Kala,Bake,kbake3d@fastcompany.com,Female,94.26.174.9
123,Daisie,Sowte,dsowte3e@oaic.gov.au,Female,231.42.115.58
124,Ignatius,Grigorian,igrigorian3f@microsoft.com,Male,58.35.182.120
125,Felizio,Lathey,flathey3g@skype.com,Male,246.205.25.102
126,Sunshine,Endricci,sendricci3h@apache.org,Female,192.100.163.63
127,Ephraim,Presnell,epresnell3i@issuu.com,Male,190.67.142.88
128,Erna,Leacy,eleacy3j@springer.com,Female,172.140.82.80
129,Ole,Cockland,ocockland3k@gnu.org,Male,249.7.151.173
130,Alaric,Bowller,abowller3l@123-reg.co.uk,Male,43.123.49.86
131,Clayborne,Farden,cfarden3m@cbsnews.com,Male,61.141.207.134
132,Herman,Kelberer,hkelberer3n@businesswire.com,Male,79.201.243.65
133,Bobbie,Elington,belington3o@bloomberg.com,Male,168.17.253.4
134,Etti,Barizeret,ebarizeret3p@163.com,Female,55.127.193.193
135,Micheline,Vidyapin,mvidyapin3q@last.fm,Female,233.67.206.16
136,Francisco,Duffie,fduffie3r@sciencedaily.com,Male,118.70.143.162
137,Derrik,Dunbleton,ddunbleton3s@e-recht24.de,Male,29.33.229.15
138,Ethelin,Adams,eadams3t@yahoo.co.jp,Female,152.219.247.64
139,Johnnie,Cosby,jcosby3u@miibeian.gov.cn,Male,71.247.228.33
140,Lukas,Rablan,lrablan3v@thetimes.co.uk,Male,27.34.97.82
141,Lonee,Egdell,legdell3w@weibo.com,Bigender,127.91.87.134
142,Adolpho,Florez,aflorez3x@stanford.edu,Male,101.131.39.132
143,Vance,Blincko,vblincko3y@google.com.br,Male,38.163.71.128
144,Abner,Easey,aeasey3z@vkontakte.ru,Male,74.184.91.71
145,Shellysheldon,Songust,ssongust40@ebay.co.uk,Polygender,245.184.40.159
146,Joachim,Taplin,jtaplin41@upenn.edu,Non-binary,155.208.135.173
147,Berget,St Leger,bstleger42@usda.gov,Agender,33.145.105.236
148,Alanson,Gerrit,agerrit43@usgs.gov,Male,242.48.34.225
149,Say,Pavluk,spavluk44@studiopress.com,Male,13.82.210.225
150,Honoria,Elegood,helegood45@indiegogo.com,Female,245.177.17.194
151,Elia,Brignall,ebrignall46@php.net,Male,53.53.211.201
152,Hershel,Swinfon,hswinfon47@census.gov,Male,62.175.150.66
153,Nicki,Spraggs,nspraggs48@bluehost.com,Female,102.48.176.142
154,Cece,Quinnell,cquinnell49@ning.com,Male,180.13.173.167
155,Sandro,Grout,sgrout4a@state.gov,Male,226.209.175.177
156,Ragnar,Monketon,rmonketon4b@fotki.com,Male,59.220.39.67
157,De,Puckey,dpuckey4c@1688.com,Female,131.175.77.237
158,Beverly,Worboys,bworboys4d@bigcartel.com,Female,131.112.150.248
159,Elisa,Braam,ebraam4e@posterous.com,Female,159.152.149.30
160,Rebekah,Duinkerk,rduinkerk4f@histats.com,Female,175.170.205.116
161,Corabella,Haddeston,chaddeston4g@mtv.com,Female,52.61.197.31
162,Pete,Casley,pcasley4h@nature.com,Agender,35.254.182.181
163,Romola,Dutch,rdutch4i@deviantart.com,Female,79.60.68.241
164,Odille,Cattle,ocattle4j@yale.edu,Female,226.137.236.209
165,Frederigo,Cremer,fcremer4k@wix.com,Agender,111.4.242.195
166,Nedda,Crammy,ncrammy4l@weather.com,Female,24.57.63.4
167,Emmott,Crop,ecrop4m@usda.gov,Male,108.85.147.164
168,Trenton,Aylin,taylin4n@timesonline.co.uk,Male,105.110.147.217
169,Dotty,Rohlfs,drohlfs4o@topsy.com,Female,242.93.215.89
170,Sheff,Humm,shumm4p@imageshack.us,Male,23.30.61.189
171,Fons,Leverich,fleverich4q@army.mil,Male,250.7.163.40
172,Alissa,Tassel,atassel4r@google.com.au,Female,155.83.49.72
173,Malynda,Domel,mdomel4s@si.edu,Female,159.226.241.236
174,Rainer,Sawart,rsawart4t@linkedin.com,Male,30.158.5.208
175,Inesita,Sindell,isindell4u@stanford.edu,Female,184.9.191.177
176,Tiena,Ivanikhin,tivanikhin4v@yolasite.com,Agender,15.73.164.17
177,Thibaut,Goding,tgoding4w@gizmodo.com,Male,95.185.114.133
178,Phylys,Birdsey,pbirdsey4x@reuters.com,Female,19.32.23.116
179,Molli,Shadbolt,mshadbolt4y@qq.com,Polygender,99.104.100.129
180,Delcina,Kopp,dkopp4z@adobe.com,Female,225.168.15.110
181,Carolyne,Bonder,cbonder50@yale.edu,Female,84.138.202.19
182,Chicky,Braiden,cbraiden51@over-blog.com,Female,118.155.128.37
183,Aimil,Clace,aclace52@sohu.com,Female,200.81.3.50
184,Devonne,Aubert,daubert53@csmonitor.com,Female,245.6.127.195
185,Layla,Moatt,lmoatt54@bing.com,Female,119.222.212.127
186,Leoine,Shadbolt,lshadbolt55@globo.com,Female,117.152.160.169
187,Harper,Vogelein,hvogelein56@deliciousdays.com,Male,135.11.38.35
188,Daveta,Fedorchenko,dfedorchenko57@miitbeian.gov.cn,Female,137.173.115.1
189,Gaby,Snelgrove,gsnelgrove58@phoca.cz,Male,86.202.140.246
190,Ricoriki,Conquest,rconquest59@wikipedia.org,Male,215.171.116.207
191,Jermaine,Linfitt,jlinfitt5a@howstuffworks.com,Male,15.176.14.49
192,Gizela,Fromant,gfromant5b@delicious.com,Female,239.243.215.33
193,Madlen,Webermann,mwebermann5c@senate.gov,Female,68.48.21.232
194,Sandra,Beaston,sbeaston5d@ebay.co.uk,Female,96.111.63.228
195,Merrill,Maillard,mmaillard5e@cnn.com,Male,157.22.90.168
196,Ted,Naile,tnaile5f@google.pl,Male,85.165.226.174
197,Beckie,Beniesh,bbeniesh5g@wired.com,Female,12.89.73.187
198,Pearce,Rubel,prubel5h@wunderground.com,Male,148.135.80.98
199,Sherry,Purselow,spurselow5i@upenn.edu,Genderqueer,51.244.219.58
200,Stearn,Trumper,strumper5j@amazon.com,Male,28.177.28.86
201,Wallache,Shearmur,wshearmur5k@blogtalkradio.com,Male,86.205.218.252
202,Salomone,Roocroft,sroocroft5l@ovh.net,Male,213.177.45.205
203,Valentijn,Dummett,vdummett5m@whitehouse.gov,Male,193.69.220.196
204,Greggory,Dunmuir,gdunmuir5n@wunderground.com,Male,222.184.77.15
205,Florence,Bowland,fbowland5o@tripadvisor.com,Female,161.53.3.67
206,Norton,Colbertson,ncolbertson5p@lycos.com,Male,62.96.81.248
207,Winfred,Casotti,wcasotti5q@imageshack.us,Male,206.110.238.244
208,Mac,Puddephatt,mpuddephatt5r@cargocollective.com,Male,151.206.236.118
209,Jorge,Verbeke,jverbeke5s@cdbaby.com,Male,29.144.118.74
210,Ilise,Merali,imerali5t@utexas.edu,Female,25.19.31.9
211,Curran,Trayhorn,ctrayhorn5u@usa.gov,Male,198.46.99.203
212,Melania,Kleyn,mkleyn5v@mediafire.com,Female,103.56.187.204
213,Warren,Sabater,wsabater5w@1688.com,Male,70.75.157.245
214,Philipa,MacFadzean,pmacfadzean5x@prnewswire.com,Female,190.143.234.135
215,Elaine,Goundrill,egoundrill5y@ifeng.com,Female,66.13.146.236
216,Karola,Blincowe,kblincowe5z@infoseek.co.jp,Female,118.184.101.190
217,Lizabeth,Gobell,lgobell60@edublogs.org,Female,86.112.35.100
218,Monte,Beavers,mbeavers61@amazonaws.com,Male,36.118.227.68
219,Gretal,Bowie,gbowie62@google.com.br,Female,10.251.69.234
220,Gabi,Lindborg,glindborg63@microsoft.com,Male,195.138.235.56
221,Lockwood,Mithun,lmithun64@shareasale.com,Male,93.244.97.251
222,Guillemette,Jacquemy,gjacquemy65@ycombinator.com,Bigender,162.108.111.143
223,Marion,Stalf,mstalf66@acquirethisname.com,Female,213.183.88.194
224,Yelena,Prahm,yprahm67@shareasale.com,Female,154.57.110.13
225,Ragnar,Bruckman,rbruckman68@freewebs.com,Male,253.212.65.197
226,Coraline,De Roos,cderoos69@purevolume.com,Female,193.143.29.16
227,Saunders,McGrorty,smcgrorty6a@oaic.gov.au,Male,82.198.236.205
228,Roy,Tsar,rtsar6b@nasa.gov,Male,114.97.167.248
229,Darla,Lillicrop,dlillicrop6c@acquirethisname.com,Female,23.95.187.68
230,Arly,Ivie,aivie6d@123-reg.co.uk,Female,45.181.85.92
231,Cristie,Farrin,cfarrin6e@ask.com,Female,81.46.77.214
232,Tobiah,Braisher,tbraisher6f@storify.com,Male,233.84.144.37
233,Marrissa,Torbet,mtorbet6g@cocolog-nifty.com,Female,188.252.79.76
234,Tandie,Prue,tprue6h@paginegialle.it,Female,5.152.206.200
235,Violet,Autin,vautin6i@mlb.com,Female,120.146.234.144
236,Niven,Coleman,ncoleman6j@theguardian.com,Male,74.102.250.237
237,Nickolai,Arington,narington6k@cyberchimps.com,Male,2.212.107.203
238,Herb,Kolinsky,hkolinsky6l@usa.gov,Male,193.138.95.91
239,Milka,Stonestreet,mstonestreet6m@wikispaces.com,Female,139.121.146.158
240,Tripp,Ingerson,tingerson6n@theglobeandmail.com,Male,91.11.78.14
241,Darcy,Henfre,dhenfre6o@guardian.co.uk,Female,240.163.174.104
242,Theda,Elward,telward6p@shinystat.com,Polygender,17.187.45.92
243,Isaiah,Bannell,ibannell6q@cdbaby.com,Male,26.97.72.91
244,Netty,Burnand,nburnand6r@phoca.cz,Female,213.219.41.214
245,Carmine,Spadari,cspadari6s@cmu.edu,Female,172.179.160.194
246,Rebecka,Heggadon,rheggadon6t@amazon.de,Female,220.70.203.38
247,Samson,Adcocks,sadcocks6u@mapquest.com,Male,242.165.11.28
248,Odell,Weerdenburg,oweerdenburg6v@sun.com,Male,133.187.113.137
249,Micky,Yurkin,myurkin6w@usgs.gov,Female,172.55.126.241
250,Adrian,Jeenes,ajeenes6x@clickbank.net,Female,188.119.211.204
251,Reynolds,Brittlebank,rbrittlebank6y@scribd.com,Male,89.0.87.73
252,Dayna,Stetlye,dstetlye6z@webs.com,Female,169.184.42.105
253,Aloysia,Brunsen,abrunsen70@howstuffworks.com,Female,67.0.209.206
254,Amberly,Calcott,acalcott71@mac.com,Female,126.51.204.244
255,Leicester,Girtin,lgirtin72@bizjournals.com,Male,185.8.133.73
256,Leonore,Welbelove,lwelbelove73@infoseek.co.jp,Female,24.92.45.17
257,Rana,Ansteys,ransteys74@fc2.com,Female,70.203.44.143
258,Elizabet,Fitzjohn,efitzjohn75@blogtalkradio.com,Female,200.220.111.118
259,Cele,Stuttard,cstuttard76@buzzfeed.com,Bigender,126.110.176.226
260,Roslyn,Dashkovich,rdashkovich77@indiatimes.com,Female,57.50.154.177
261,Ferdy,Bacop,fbacop78@weebly.com,Male,154.154.196.242
262,Harlene,De Bernardis,hdebernardis79@theatlantic.com,Female,123.7.100.110
263,Domenico,Elliman,delliman7a@wufoo.com,Male,12.228.232.211
264,Micheal,Rechert,mrechert7b@buzzfeed.com,Male,169.30.246.51
265,Wendeline,Lowton,wlowton7c@prnewswire.com,Female,181.170.228.133
266,Moore,Cordeau,mcordeau7d@go.com,Male,149.105.58.37
267,Gates,Buchan,gbuchan7e@newsvine.com,Female,203.2.94.201
268,Regen,Boxhill,rboxhill7f@jiathis.com,Male,132.20.76.29
269,Jeannette,Minogue,jminogue7g@dot.gov,Female,73.72.206.23
270,Sanderson,Macenzy,smacenzy7h@desdev.cn,Male,119.190.46.17
271,Brand,Comino,bcomino7i@huffingtonpost.com,Male,194.231.46.44
272,Xerxes,Harle,xharle7j@engadget.com,Agender,216.25.183.166
273,Holly,Tidder,htidder7k@google.com.au,Male,82.65.246.244
274,Louella,Dobbings,ldobbings7l@51.la,Female,83.134.179.114
275,Alana,Danielsohn,adanielsohn7m@sfgate.com,Female,218.121.203.63
276,Hamlen,Cribbin,hcribbin7n@paginegialle.it,Male,148.3.208.168
277,Lloyd,Leggin,lleggin7o@blinklist.com,Male,168.35.115.27
278,Jimmy,Winsom,jwinsom7p@ted.com,Male,130.112.142.120
279,Edwin,Largent,elargent7q@alexa.com,Male,156.57.205.186
280,Gustavo,Babb,gbabb7r@theguardian.com,Male,132.122.111.148
281,Rickie,Skirling,rskirling7s@shareasale.com,Female,151.243.176.84
282,Elise,Brosenius,ebrosenius7t@shinystat.com,Female,173.90.11.135
283,Suzanna,Skeat,sskeat7u@harvard.edu,Female,177.94.236.111
284,Thor,Ahrendsen,tahrendsen7v@ning.com,Male,250.119.95.89
285,Abbie,Rodda,arodda7w@elegantthemes.com,Male,168.235.15.140
286,Rafaello,Kleehuhler,rkleehuhler7x@wunderground.com,Male,101.49.3.78
287,Gino,Botright,gbotright7y@columbia.edu,Polygender,19.24.17.73
288,Lyon,Mongan,lmongan7z@nhs.uk,Male,214.161.163.43
289,Meg,Brotherhed,mbrotherhed80@mashable.com,Female,33.172.178.123
290,Valdemar,Copins,vcopins81@java.com,Male,116.57.185.123
291,Jennilee,Dundon,jdundon82@salon.com,Female,16.174.198.68
292,Wally,Connett,wconnett83@vimeo.com,Male,174.16.206.78
293,Karry,Whiskin,kwhiskin84@about.com,Female,89.87.185.175
294,Demetre,Vesty,dvesty85@indiatimes.com,Male,214.94.50.9
295,Constancia,Bauldry,cbauldry86@ox.ac.uk,Female,106.173.34.211
296,Leigha,Arons,larons87@github.com,Genderqueer,54.112.77.81
297,Ethelbert,Mangin,emangin88@wisc.edu,Male,171.230.12.166
298,Garek,Salt,gsalt89@ovh.net,Male,223.13.104.177
299,Nappie,Vasiltsov,nvasiltsov8a@qq.com,Male,169.68.137.199
300,Flint,Broad,fbroad8b@wordpress.com,Male,62.231.133.71
301,Stephine,Leamy,sleamy8c@csmonitor.com,Female,237.170.88.220
302,Costa,Beasleigh,cbeasleigh8d@paypal.com,Male,129.35.160.97
303,Corny,Sellar,csellar8e@dailymail.co.uk,Male,241.88.53.192
304,Brad,Whorf,bwhorf8f@tinyurl.com,Male,4.47.107.142
305,Doro,Pursehouse,dpursehouse8g@techcrunch.com,Female,226.192.76.160
306,Tracey,Dallinder,tdallinder8h@nsw.gov.au,Male,121.203.110.114
307,Charlene,Huckerby,chuckerby8i@webeden.co.uk,Female,50.148.203.212
308,Zarla,Pristnor,zpristnor8j@spiegel.de,Female,142.49.77.71
309,Lotty,Heading,lheading8k@bbc.co.uk,Female,3.127.209.51
310,Yves,Coultass,ycoultass8l@boston.com,Male,163.234.6.48
311,Geneva,Autrie,gautrie8m@yandex.ru,Female,89.38.75.44
312,George,Pogosian,gpogosian8n@about.com,Male,43.178.66.15
313,Barny,Streeton,bstreeton8o@netscape.com,Male,205.55.188.103
314,Ram,Clohessy,rclohessy8p@digg.com,Male,213.225.107.113
315,Tomlin,Sansom,tsansom8q@topsy.com,Male,33.50.111.38
316,Halimeda,Stow,hstow8r@patch.com,Female,248.30.193.175
317,Sarajane,Downton,sdownton8s@comcast.net,Polygender,226.71.255.149
318,Melodee,Bucknill,mbucknill8t@qq.com,Female,248.25.220.181
319,Gabriell,Moberley,gmoberley8u@tumblr.com,Female,191.144.46.182
320,Gar,Mohamed,gmohamed8v@narod.ru,Male,51.149.39.96
321,Shell,Easlea,seaslea8w@sina.com.cn,Female,47.24.49.47
322,Gnni,Sarfat,gsarfat8x@wisc.edu,Female,168.218.30.58
323,Mira,O'Bradain,mobradain8y@nydailynews.com,Female,144.132.201.151
324,Vick,Peak,vpeak8z@wisc.edu,Male,33.29.118.144
325,Hussein,Hardacre,hhardacre90@drupal.org,Male,8.225.161.207
326,Somerset,Crispe,scrispe91@tiny.cc,Male,36.39.9.63
327,Hoyt,Ransfield,hransfield92@ask.com,Male,201.90.183.162
328,Roosevelt,Broadhurst,rbroadhurst93@webs.com,Male,26.76.174.46
329,Orelia,Ullyatt,oullyatt94@indiegogo.com,Female,138.144.112.213
330,Dawna,Ivanyushkin,divanyushkin95@chronoengine.com,Female,234.180.18.13
331,Harriott,Pren,hpren96@jalbum.net,Female,5.73.239.141
332,Candi,Orrom,corrom97@google.com.au,Female,3.84.86.102
333,Jefferey,Gadie,jgadie98@com.com,Male,194.150.187.192
334,Peterus,Keeble,pkeeble99@eventbrite.com,Male,81.58.18.222
335,Blondie,Aspey,baspey9a@hexun.com,Female,150.115.16.46
336,Lannie,Mays,lmays9b@wix.com,Male,246.144.123.56
337,Dwain,Timbs,dtimbs9c@miibeian.gov.cn,Male,250.84.14.61
338,Rosita,de'-Ancy Willis,rdeancywillis9d@msn.com,Female,88.140.73.133
339,Damiano,Baggot,dbaggot9e@soundcloud.com,Male,113.74.119.190
340,Wren,Ivatts,wivatts9f@jalbum.net,Non-binary,179.240.31.111
341,Iormina,Capstick,icapstick9g@blogtalkradio.com,Female,120.111.110.67
342,Leela,Polfer,lpolfer9h@twitter.com,Female,154.176.56.106
343,Elysia,Brouard,ebrouard9i@unicef.org,Female,204.123.211.109
344,Corenda,Heindrick,cheindrick9j@usnews.com,Female,211.27.99.53
345,Gaylord,Figgures,gfiggures9k@yelp.com,Male,96.124.63.89
346,Juieta,Wildash,jwildash9l@unesco.org,Female,208.86.2.37
347,Timofei,D'Adamo,tdadamo9m@ifeng.com,Male,39.159.201.73
348,Val,Gilbertson,vgilbertson9n@blogs.com,Female,66.120.231.226
349,Davon,Everton,deverton9o@eepurl.com,Male,199.255.118.180
350,Alvy,Boys,aboys9p@epa.gov,Male,15.214.70.220
351,Deanne,Kleiser,dkleiser9q@comsenz.com,Female,204.35.156.57
352,Abe,Gronauer,agronauer9r@topsy.com,Male,139.108.15.134
353,Yorgos,Friedenbach,yfriedenbach9s@canalblog.com,Male,218.222.116.159
354,Melanie,Pelosi,mpelosi9t@sohu.com,Female,119.63.216.252
355,Siward,Wolfarth,swolfarth9u@usgs.gov,Male,216.228.131.207
356,Babbie,McCraine,bmccraine9v@youtube.com,Female,34.120.237.11
357,Denni,De Bernardi,ddebernardi9w@blogspot.com,Female,56.72.206.76
358,Richard,Brimelow,rbrimelow9x@free.fr,Polygender,233.34.178.149
359,Torrie,Oxton,toxton9y@newsvine.com,Female,150.227.180.131
360,Barnie,Mowday,bmowday9z@sphinn.com,Male,251.254.220.12
361,Garrek,Hounson,ghounsona0@trellian.com,Male,48.39.58.225
362,Alessandro,Abelovitz,aabelovitza1@icio.us,Male,102.102.166.153
363,Fidelia,Gunter,fguntera2@reverbnation.com,Female,17.45.104.89
364,Nerte,Keller,nkellera3@webeden.co.uk,Female,114.32.103.238
365,Virgilio,Sibborn,vsibborna4@imdb.com,Male,181.118.99.18
366,Elsey,Blaxall,eblaxalla5@ask.com,Female,227.228.64.78
367,Corney,Sheffield,csheffielda6@theatlantic.com,Male,53.77.59.121
368,Johnnie,Edelheid,jedelheida7@ameblo.jp,Male,207.202.167.69
369,Alfred,Bellfield,abellfielda8@china.com.cn,Male,130.62.110.89
370,Jsandye,MacLise,jmaclisea9@wiley.com,Female,182.9.152.150
371,Filide,O'Dunniom,fodunniomaa@tmall.com,Female,200.26.175.196
372,Derrick,Pechan,dpechanab@unc.edu,Male,150.107.237.170
373,Norry,Blanking,nblankingac@phpbb.com,Male,29.234.253.235
374,Lexis,Huffa,lhuffaad@godaddy.com,Female,28.113.10.14
375,Ariella,Baalham,abaalhamae@geocities.jp,Female,67.86.62.143
376,Davie,Shower,dshoweraf@weibo.com,Male,59.9.210.229
377,Noak,Barenski,nbarenskiag@google.cn,Male,83.85.191.25
378,Cthrine,Spyvye,cspyvyeah@edublogs.org,Non-binary,142.11.179.4
379,Samara,Minghetti,sminghettiai@etsy.com,Female,51.14.115.34
380,Enrico,Payley,epayleyaj@is.gd,Male,166.105.95.219
381,Devlen,Overel,doverelak@paginegialle.it,Male,112.155.5.48
382,Neron,Tax,ntaxal@weebly.com,Male,42.136.178.196
383,Charlie,Ing,cingam@who.int,Male,2.14.119.56
384,Kendricks,Tomsa,ktomsaan@amazon.co.uk,Male,165.90.161.189
385,Trueman,Duckels,tduckelsao@myspace.com,Male,22.30.88.146
386,Fredek,Harcase,fharcaseap@yolasite.com,Male,83.211.79.15
387,Gannie,Render,grenderaq@discuz.net,Male,24.137.133.160
388,Tallie,Quixley,tquixleyar@zimbio.com,Male,126.130.73.221
389,Harp,Mayhow,hmayhowas@cnn.com,Male,235.178.53.81
390,Kaye,Redding,kreddingat@dailymotion.com,Female,228.131.217.18
391,Amy,Geffinger,ageffingerau@elegantthemes.com,Female,52.195.154.149
392,Julianna,Morehall,jmorehallav@bloomberg.com,Female,43.54.93.137
393,Sabina,Sorsby,ssorsbyaw@msn.com,Female,90.254.234.99
394,Lezley,Giamuzzo,lgiamuzzoax@vkontakte.ru,Male,91.149.182.252
395,Jeri,Terlinden,jterlindenay@a8.net,Bigender,185.165.151.187
396,Angelo,Auger,aaugeraz@multiply.com,Male,216.136.122.69
397,Bennett,Mannion,bmannionb0@lycos.com,Male,177.137.14.216
398,Jaimie,Rouby,jroubyb1@amazon.de,Male,177.139.237.156
399,Marcel,Ruter,mruterb2@accuweather.com,Male,190.199.229.221
400,Anna-maria,Bladon,abladonb3@nifty.com,Female,50.146.53.58
401,Yvette,Hosten,yhostenb4@jiathis.com,Agender,226.15.91.186
402,Carole,Iaduccelli,ciaduccellib5@so-net.ne.jp,Female,18.234.143.93
403,Maurizia,Yurocjkin,myurocjkinb6@slideshare.net,Female,191.217.78.23
404,Katharina,Adenet,kadenetb7@imgur.com,Female,61.240.208.165
405,Jayne,Anear,janearb8@prnewswire.com,Female,227.145.230.158
406,Otho,Pharro,opharrob9@europa.eu,Male,51.64.79.221
407,Goraud,Perse,gperseba@quantcast.com,Male,149.96.168.248
408,Estrella,Tilsley,etilsleybb@google.cn,Female,113.231.36.201
409,Fremont,Blare,fblarebc@toplist.cz,Male,93.205.100.35
410,Vaughn,Whitwell,vwhitwellbd@delicious.com,Male,60.131.94.201
411,Zachariah,O'Heaney,zoheaneybe@forbes.com,Male,112.63.124.139
412,Elvyn,Mueller,emuellerbf@wikipedia.org,Male,87.145.48.83
413,Briant,Shinner,bshinnerbg@surveymonkey.com,Male,145.139.143.160
414,Frederica,Macia,fmaciabh@163.com,Female,243.248.165.62
415,Webb,Haggar,whaggarbi@techcrunch.com,Male,43.1.84.28
416,Tess,Doak,tdoakbj@networkadvertising.org,Genderqueer,23.174.236.21
417,Paten,Charters,pchartersbk@umich.edu,Male,35.195.135.228
418,Loralee,Skepper,lskepperbl@vk.com,Female,72.49.165.15
419,Marshal,Huxter,mhuxterbm@icq.com,Male,86.65.169.68
420,Kennan,Winyard,kwinyardbn@wikipedia.org,Male,81.189.10.216
421,Sayres,Drowsfield,sdrowsfieldbo@tripod.com,Polygender,233.48.193.109
422,Kellie,Deavall,kdeavallbp@biglobe.ne.jp,Female,215.25.66.251
423,Sharleen,Salvador,ssalvadorbq@bing.com,Female,240.48.37.207
424,Reamonn,Weekland,rweeklandbr@about.me,Male,64.254.12.245
425,Becki,MacColgan,bmaccolganbs@answers.com,Female,42.10.130.193
426,Benni,Sawkin,bsawkinbt@seesaa.net,Female,125.28.143.25
427,Gerri,Aldwich,galdwichbu@free.fr,Male,230.138.173.41
428,Axe,Likly,aliklybv@seesaa.net,Male,29.96.247.174
429,Nahum,Martinovic,nmartinovicbw@house.gov,Male,115.255.20.194
430,Janifer,Suatt,jsuattbx@bing.com,Female,75.61.100.237
431,Ricardo,Attrill,rattrillby@youku.com,Male,12.103.16.210
432,Leeanne,Alyoshin,lalyoshinbz@shop-pro.jp,Female,162.154.9.169
433,Staci,Tripney,stripneyc0@mayoclinic.com,Female,11.155.236.154
434,Romonda,Bowes,rbowesc1@chronoengine.com,Female,172.160.40.34
435,Burnard,Spragg,bspraggc2@home.pl,Male,34.18.166.160
436,Lorianne,Demeza,ldemezac3@lycos.com,Female,201.214.19.239
437,Donielle,St. Clair,dstclairc4@jimdo.com,Female,17.131.78.168
438,Erin,Pagel,epagelc5@goo.ne.jp,Female,238.102.29.129
439,Giustino,Geyton,ggeytonc6@boston.com,Male,27.233.88.130
440,Philippine,Duffan,pduffanc7@mapy.cz,Female,72.117.51.9
441,Franklyn,Norrey,fnorreyc8@theguardian.com,Male,35.51.116.129
442,Maurise,Ryding,mrydingc9@constantcontact.com,Female,123.237.156.169
443,Rollins,Galland,rgallandca@time.com,Male,171.84.46.47
444,Raphaela,Spenley,rspenleycb@mail.ru,Female,198.228.80.131
445,Nance,Cutbush,ncutbushcc@clickbank.net,Female,166.123.79.172
446,Gill,Fulk,gfulkcd@bbc.co.uk,Male,89.116.118.191
447,Mikael,Chaster,mchasterce@yandex.ru,Male,65.148.59.206
448,Nevil,Rutherforth,nrutherforthcf@businessinsider.com,Male,55.18.85.247
449,Emmie,Langsdon,elangsdoncg@hostgator.com,Female,60.177.138.209
450,Lonnard,Sink,lsinkch@boston.com,Male,144.156.133.226
451,Stephan,Tinman,stinmanci@sfgate.com,Male,140.127.238.12
452,Nomi,McCuffie,nmccuffiecj@jalbum.net,Female,183.183.10.193
453,Anatol,Ridehalgh,aridehalghck@soundcloud.com,Male,11.41.186.30
454,Arlie,Pickett,apickettcl@biglobe.ne.jp,Female,140.192.189.115
455,Sheryl,Connors,sconnorscm@ibm.com,Bigender,202.0.248.160
456,Luise,Copnell,lcopnellcn@forbes.com,Agender,26.52.228.210
457,Malissia,McJerrow,mmcjerrowco@cpanel.net,Female,208.42.13.100
458,Onofredo,Halfhide,ohalfhidecp@ow.ly,Male,239.201.201.54
459,Aristotle,Hurles,ahurlescq@so-net.ne.jp,Male,141.226.226.106
460,Micky,Longstreet,mlongstreetcr@nbcnews.com,Male,178.163.125.190
461,Hannie,Bleacher,hbleachercs@dailymail.co.uk,Female,239.83.227.132
462,Adelina,Mabbitt,amabbittct@about.me,Female,234.15.129.169
463,Candi,McVeagh,cmcveaghcu@earthlink.net,Female,69.120.190.43
464,Justinian,Bompass,jbompasscv@vinaora.com,Male,148.221.42.109
465,Leonhard,Bickerstaffe,lbickerstaffecw@princeton.edu,Male,142.253.168.61
466,Garnet,Astin,gastincx@yale.edu,Female,33.38.131.140
467,Justinian,Jeratt,jjerattcy@amazon.de,Male,206.226.16.44
468,Olva,Langridge,olangridgecz@dmoz.org,Female,32.113.174.206
469,Bernette,Geldeard,bgeldeardd0@woothemes.com,Female,219.107.157.47
470,Clarke,Shaxby,cshaxbyd1@creativecommons.org,Genderfluid,107.83.107.36
471,Terrel,Stuttard,tstuttardd2@cbc.ca,Male,125.170.133.210
472,Flo,Kleinert,fkleinertd3@cisco.com,Female,57.127.159.16
473,Luisa,Mendoza,lmendozad4@ow.ly,Female,97.238.0.119
474,Kirsten,Vazquez,kvazquezd5@yellowpages.com,Female,150.211.138.230
475,Pepillo,Skurm,pskurmd6@nbcnews.com,Male,128.150.53.221
476,Si,Kahen,skahend7@ehow.com,Male,122.121.153.102
477,Boothe,Cavil,bcavild8@creativecommons.org,Male,205.175.231.166
478,Thorin,Alders,taldersd9@skype.com,Male,73.106.239.253
479,Stirling,Jina,sjinada@nationalgeographic.com,Male,155.2.81.228
480,Gretel,Clows,gclowsdb@oracle.com,Female,16.245.32.184
481,Ahmad,Buglar,abuglardc@bizjournals.com,Male,31.137.53.53
482,Guido,MacGee,gmacgeedd@wordpress.com,Male,182.191.153.36
483,Kean,Connold,kconnoldde@geocities.com,Male,195.89.30.73
484,Elysee,Delamere,edelameredf@cbsnews.com,Female,86.189.150.137
485,Maximo,Masi,mmasidg@msn.com,Male,243.197.8.45
486,Maxi,Bramley,mbramleydh@phoca.cz,Female,150.168.88.186
487,Claudian,Sparke,csparkedi@addthis.com,Male,73.219.39.103
488,Davidde,Ramstead,dramsteaddj@google.de,Male,63.126.190.95
489,Rubie,Diboll,rdibolldk@4shared.com,Female,145.153.20.70
490,Avril,Klass,aklassdl@dropbox.com,Female,29.193.175.4
491,Fidole,Reay,freaydm@trellian.com,Male,238.159.18.51
492,Alejandra,Vasyunkin,avasyunkindn@jiathis.com,Female,243.100.173.101
493,Elvyn,Mc Combe,emccombedo@latimes.com,Male,18.1.103.154
494,Lockwood,Zoren,lzorendp@i2i.jp,Male,67.112.80.146
495,Mellie,Bartoloma,mbartolomadq@wikipedia.org,Female,52.159.47.139
496,Kellia,Kolakovic,kkolakovicdr@is.gd,Female,207.12.212.96
497,Joshuah,Peddie,jpeddieds@123-reg.co.uk,Male,220.220.81.238
498,Nananne,Fowden,nfowdendt@stanford.edu,Female,212.86.123.21
499,Winthrop,Rottgers,wrottgersdu@cdc.gov,Male,19.199.121.5
500,Johnathan,Daughtrey,jdaughtreydv@berkeley.edu,Male,129.114.91.36
501,Terrill,Hardern,tharderndw@cnbc.com,Agender,206.8.114.91
502,Andonis,Giraudy,agiraudydx@dyndns.org,Male,227.248.233.49
503,Jere,Pendergast,jpendergastdy@paginegialle.it,Male,61.99.226.17
504,Courtney,Leefe,cleefedz@google.fr,Male,156.225.120.48
505,Chery,Ferencowicz,cferencowicze0@baidu.com,Female,8.167.150.12
506,Chariot,Ashelford,cashelforde1@upenn.edu,Male,161.12.90.144
507,Mellisent,Sammes,msammese2@sohu.com,Female,10.11.134.129
508,Vladimir,Dowse,vdowsee3@newyorker.com,Male,5.19.83.203
509,Donia,Capron,dcaprone4@freewebs.com,Female,129.83.204.76
510,Janean,Oldcote,joldcotee5@europa.eu,Genderqueer,163.235.68.249
511,Chiquita,Cuppitt,ccuppitte6@last.fm,Female,173.64.153.220
512,Winna,Cradoc,wcradoce7@t-online.de,Female,131.178.80.199
513,Jed,McMonnies,jmcmonniese8@wix.com,Male,68.217.141.144
514,Stephana,Fenners,sfennerse9@chron.com,Female,173.16.241.5
515,Stanislaus,Godsil,sgodsilea@yolasite.com,Male,49.104.29.212
516,Sisely,Houseman,shousemaneb@tmall.com,Female,154.20.52.119
517,Jorge,Bull,jbullec@ameblo.jp,Male,144.95.66.147
518,De witt,Fearns,dfearnsed@slideshare.net,Male,197.5.63.49
519,May,Habbin,mhabbinee@ask.com,Female,230.129.90.192
520,Bruis,de Chastelain,bdechastelainef@aboutads.info,Male,100.215.21.144
521,Esme,Dudenie,edudenieeg@odnoklassniki.ru,Female,165.171.230.91
522,Sorcha,Frears,sfrearseh@histats.com,Female,82.86.253.66
523,Dewitt,Seys,dseysei@miibeian.gov.cn,Male,116.243.60.42
524,Haywood,Tidy,htidyej@businessinsider.com,Male,53.23.45.178
525,Kathleen,Follett,kfollettek@exblog.jp,Female,115.87.249.149
526,Tracee,Antonomolii,tantonomoliiel@bing.com,Female,93.111.132.92
527,Mahmud,Lordon,mlordonem@oracle.com,Male,35.101.174.113
528,Rosetta,Raincin,rraincinen@bigcartel.com,Genderqueer,249.86.204.1
529,Willem,Blacklidge,wblacklidgeeo@netlog.com,Male,87.215.124.1
530,Leeland,Stainton,lstaintonep@histats.com,Agender,52.221.143.97
531,Ellen,Scala,escalaeq@meetup.com,Female,25.210.6.232
532,Wolfgang,Rosoman,wrosomaner@admin.ch,Polygender,60.244.127.244
533,Cahra,Weatherdon,cweatherdones@craigslist.org,Female,140.249.133.107
534,Deena,Turnock,dturnocket@omniture.com,Genderfluid,155.240.200.213
535,Jacqui,Pablos,jpabloseu@skyrock.com,Female,209.22.235.131
536,Edan,Ferry,eferryev@google.com,Male,122.239.168.136
537,Madison,Vorley,mvorleyew@pen.io,Male,86.35.199.216
538,Skipton,Harrild,sharrildex@cdc.gov,Male,119.103.155.32
539,Maxi,Olifard,molifardey@epa.gov,Female,233.183.132.155
540,Nealson,Cullon,ncullonez@alexa.com,Male,185.106.124.59
541,Bevan,Fawltey,bfawlteyf0@seesaa.net,Male,3.105.145.179
542,Maryl,Albarez,malbarezf1@prweb.com,Female,163.176.241.244
543,Debora,Bodechon,dbodechonf2@51.la,Female,218.15.238.64
544,Elysia,Moresby,emoresbyf3@godaddy.com,Female,98.129.241.72
545,Nollie,Crossby,ncrossbyf4@mlb.com,Male,16.18.116.235
546,Madison,Ravilus,mravilusf5@independent.co.uk,Male,99.17.144.33
547,Nicola,Brill,nbrillf6@geocities.jp,Female,223.26.218.191
548,Osborn,Aggio,oaggiof7@auda.org.au,Male,138.139.220.31
549,Annnora,Victoria,avictoriaf8@loc.gov,Female,50.216.13.163
550,Tris,Morch,tmorchf9@shop-pro.jp,Non-binary,212.220.230.85
551,Colleen,Alders,caldersfa@uiuc.edu,Non-binary,106.248.173.33
552,Jasen,Joinson,jjoinsonfb@army.mil,Male,173.216.104.101
553,Vic,Hubbart,vhubbartfc@rambler.ru,Male,150.22.59.104
554,Hamel,Mitro,hmitrofd@prweb.com,Bigender,249.167.17.188
555,Lou,Pappin,lpappinfe@who.int,Male,185.241.31.148
556,Ruttger,Vallentin,rvallentinff@shop-pro.jp,Male,246.123.248.42
557,Barbie,Denington,bdeningtonfg@tamu.edu,Female,6.104.188.132
558,Alfy,Rubert,arubertfh@canalblog.com,Male,226.185.155.92
559,Dorice,Panas,dpanasfi@hugedomains.com,Non-binary,50.157.82.183
560,Zedekiah,Kasperski,zkasperskifj@yelp.com,Male,45.38.238.122
561,Darelle,Piscopello,dpiscopellofk@merriam-webster.com,Female,74.179.213.37
562,Rurik,Gresch,rgreschfl@china.com.cn,Male,117.208.223.172
563,Winnie,Brauner,wbraunerfm@gmpg.org,Male,231.124.115.139
564,Grenville,Hanaby,ghanabyfn@admin.ch,Male,150.255.19.237
565,Jean,Battams,jbattamsfo@is.gd,Male,122.22.131.207
566,Moria,Kohring,mkohringfp@mail.ru,Female,125.34.23.122
567,Laney,Verrico,lverricofq@wordpress.com,Male,146.231.221.6
568,Archibold,Dood,adoodfr@dyndns.org,Male,71.87.195.169
569,Ardisj,Soane,asoanefs@g.co,Genderfluid,187.118.172.170
570,David,Detoc,ddetocft@newsvine.com,Male,81.202.91.156
571,Abigail,Alred,aalredfu@amazon.co.jp,Female,10.146.193.6
572,Loren,Flieger,lfliegerfv@mozilla.com,Non-binary,215.79.220.178
573,Alphonso,Woonton,awoontonfw@indiegogo.com,Male,142.190.229.78
574,Ardenia,Ballefant,aballefantfx@hexun.com,Female,177.199.7.242
575,Didi,Lennarde,dlennardefy@shinystat.com,Female,113.246.248.181
576,Orel,Thynn,othynnfz@is.gd,Female,80.151.139.215
577,Ursulina,Woolam,uwoolamg0@hc360.com,Female,252.58.132.200
578,Fina,Pharro,fpharrog1@ucla.edu,Female,47.195.233.68
579,Jessie,Proughten,jproughteng2@amazonaws.com,Female,83.29.89.47
580,Gideon,Berrycloth,gberryclothg3@latimes.com,Male,253.107.119.148
581,Gwenneth,Camplen,gcampleng4@gravatar.com,Female,95.85.117.84
582,Denna,Dehn,ddehng5@paginegialle.it,Female,167.117.137.13
583,Carry,Itzik,citzikg6@fotki.com,Female,114.98.44.110
584,Margalo,McCullogh,mmcculloghg7@harvard.edu,Female,199.30.152.121
585,Queenie,Blumer,qblumerg8@prweb.com,Female,130.239.239.135
586,Kalil,Spurgeon,kspurgeong9@wiley.com,Male,95.98.71.232
587,Ade,Barbour,abarbourga@pen.io,Male,173.210.33.201
588,Forest,Tuvey,ftuveygb@fotki.com,Male,162.99.185.225
589,Babb,Prator,bpratorgc@squidoo.com,Female,69.161.216.160
590,Edna,Parham,eparhamgd@posterous.com,Genderfluid,58.51.118.97
591,Bernarr,Beetlestone,bbeetlestonege@cloudflare.com,Male,63.195.43.73
592,Wain,Wilmore,wwilmoregf@mac.com,Male,199.159.239.231
593,Francisca,Reely,freelygg@themeforest.net,Female,244.164.47.212
594,Abbott,Extence,aextencegh@ycombinator.com,Male,123.229.31.88
595,Delphine,Mityashev,dmityashevgi@craigslist.org,Female,143.214.106.136
596,Euphemia,Brunelleschi,ebrunelleschigj@xinhuanet.com,Female,13.78.202.30
597,Flem,de Almeida,fdealmeidagk@w3.org,Male,185.135.218.211
598,Frank,Twede,ftwedegl@meetup.com,Male,35.67.43.89
599,Lizzy,Bontine,lbontinegm@army.mil,Female,117.224.138.21
600,Midge,Domel,mdomelgn@unblog.fr,Female,68.183.100.136
601,Brucie,Kitteridge,bkitteridgego@icio.us,Male,114.68.252.22
602,Itch,Karlowicz,ikarlowiczgp@networksolutions.com,Male,53.156.30.229
603,Peadar,O'Hoolahan,pohoolahangq@msu.edu,Male,241.220.210.101
604,Kora,Brickell,kbrickellgr@japanpost.jp,Female,237.211.110.121
605,Almeria,Wignall,awignallgs@slashdot.org,Female,106.238.138.201
606,Ringo,Dowdeswell,rdowdeswellgt@about.com,Male,60.31.77.93
607,Aurore,Leadley,aleadleygu@reuters.com,Female,148.21.74.191
608,Andras,Jansik,ajansikgv@fc2.com,Male,140.69.233.131
609,Halimeda,Mardy,hmardygw@wired.com,Female,99.31.64.246
610,Marion,Ambresin,mambresingx@rediff.com,Male,11.254.201.90
611,Willabella,Lawson,wlawsongy@surveymonkey.com,Female,253.154.212.170
612,Alli,Spacey,aspaceygz@newsvine.com,Female,13.25.89.198
613,Cobb,Stenson,cstensonh0@wp.com,Male,37.219.132.17
614,Tammie,D'eath,tdeathh1@scribd.com,Female,198.210.140.2
615,Yehudi,Wingatt,ywingatth2@toplist.cz,Male,201.21.120.57
616,Caspar,Lathbury,clathburyh3@washington.edu,Male,136.248.148.163
617,Sonny,Blanden,sblandenh4@stanford.edu,Male,69.115.88.199
618,Chickie,Oakhill,coakhillh5@imageshack.us,Male,250.50.121.43
619,Wainwright,Jurasz,wjuraszh6@seattletimes.com,Agender,40.51.140.117
620,Alexine,Picford,apicfordh7@histats.com,Female,7.22.83.153
621,Stephie,Gierck,sgierckh8@howstuffworks.com,Female,2.197.224.131
622,Joanne,Lintall,jlintallh9@last.fm,Female,209.87.206.34
623,Irma,Pitherick,ipitherickha@jigsy.com,Female,89.88.108.223
624,Celestina,Bordessa,cbordessahb@histats.com,Female,141.100.175.157
625,Joell,Brunning,jbrunninghc@businessweek.com,Female,98.138.41.147
626,Udale,Shankster,ushanksterhd@i2i.jp,Male,66.73.42.126
627,Bernetta,Barrasse,bbarrassehe@elegantthemes.com,Female,55.111.21.167
628,Ivor,Wheway,iwhewayhf@skype.com,Genderqueer,64.209.141.230
629,Beatrisa,Nitti,bnittihg@cocolog-nifty.com,Female,49.122.168.113
630,Poul,Bidmead,pbidmeadhh@dyndns.org,Male,179.80.125.30
631,Sandra,Higgen,shiggenhi@godaddy.com,Female,17.254.77.109
632,Josh,Ivashin,jivashinhj@instagram.com,Male,9.9.124.115
633,Pat,MacAlaster,pmacalasterhk@ucsd.edu,Female,229.228.163.8
634,Terry,Eunson,teunsonhl@si.edu,Male,100.10.123.198
635,Nolana,Betz,nbetzhm@vinaora.com,Female,188.73.14.65
636,Martyn,Sobey,msobeyhn@exblog.jp,Male,173.163.102.54
637,Russell,Mccaull,rmccaullho@economist.com,Male,28.26.111.46
638,Lyndy,Dobrovolny,ldobrovolnyhp@wix.com,Female,31.236.98.121
639,Mylo,Rangell,mrangellhq@webmd.com,Male,65.88.255.30
640,Harrietta,Ennever,henneverhr@linkedin.com,Female,21.39.174.252
641,Conchita,Syplus,csyplushs@amazon.co.uk,Polygender,94.206.150.45
642,Tull,Coniam,tconiamht@shareasale.com,Male,157.184.211.75
643,Anderea,Harnor,aharnorhu@yahoo.com,Female,43.130.6.65
644,Rosabella,Poulney,rpoulneyhv@answers.com,Bigender,244.211.22.31
645,Claresta,MacCoughan,cmaccoughanhw@furl.net,Female,206.107.161.100
646,Andromache,Hegdonne,ahegdonnehx@spiegel.de,Female,7.221.35.29
647,Dorelle,Dewhurst,ddewhursthy@sun.com,Female,204.129.115.253
648,Janel,Greenin,jgreeninhz@de.vu,Female,226.216.204.121
649,Everett,Bourgaize,ebourgaizei0@uol.com.br,Male,206.72.208.218
650,Zedekiah,Tremathack,ztremathacki1@blinklist.com,Male,227.101.201.18
651,Bradly,Kenson,bkensoni2@cam.ac.uk,Male,49.89.186.56
652,Robbert,Houston,rhoustoni3@cyberchimps.com,Male,196.250.125.243
653,Aindrea,Mewha,amewhai4@myspace.com,Female,206.0.119.59
654,Araldo,Pickup,apickupi5@whitehouse.gov,Male,190.66.60.248
655,Natividad,Boaler,nboaleri6@npr.org,Female,55.149.119.223
656,Dillon,Tiffin,dtiffini7@geocities.com,Male,102.82.189.235
657,Bonita,Ridsdole,bridsdolei8@twitpic.com,Female,236.213.216.164
658,Benton,Ferby,bferbyi9@cloudflare.com,Male,186.192.107.148
659,Tabor,Brend,tbrendia@shutterfly.com,Agender,74.78.127.13
660,Paloma,Crackel,pcrackelib@howstuffworks.com,Female,151.238.160.162
661,Codie,Cutmore,ccutmoreic@godaddy.com,Male,19.147.144.242
662,Cooper,Mateus,cmateusid@theglobeandmail.com,Bigender,94.34.93.106
663,Maddie,Mault,mmaultie@sciencedirect.com,Male,245.121.63.55
664,Calvin,Lelievre,clelievreif@woothemes.com,Male,181.22.217.99
665,Danica,MacKellen,dmackellenig@cyberchimps.com,Agender,128.237.48.52
666,Ernie,Piddick,epiddickih@example.com,Male,161.10.209.18
667,Rhett,Dudlestone,rdudlestoneii@sbwire.com,Male,251.144.75.143
668,Jefferey,Speak,jspeakij@constantcontact.com,Male,201.203.110.204
669,Bartholomew,McCullogh,bmcculloghik@clickbank.net,Male,12.67.14.133
670,Glori,Gandey,ggandeyil@last.fm,Female,47.62.158.173
671,Lara,Stoeckle,lstoeckleim@lycos.com,Female,93.34.176.179
672,Lisa,Ashford,lashfordin@unicef.org,Female,233.1.213.114
673,Fiann,Akrigg,fakriggio@cmu.edu,Female,75.191.251.72
674,Sean,Kares,skaresip@forbes.com,Female,150.154.187.247
675,Shelagh,Putt,sputtiq@redcross.org,Female,251.180.52.206
676,Renaud,Retallick,rretallickir@columbia.edu,Male,251.72.200.139
677,Sonya,Nortunen,snortunenis@ox.ac.uk,Female,118.97.149.98
678,Naomi,Karlicek,nkarlicekit@irs.gov,Female,95.1.128.171
679,Gustave,Cansdill,gcansdilliu@youtu.be,Male,184.83.57.255
680,Dasie,Gerge,dgergeiv@harvard.edu,Female,218.113.1.18
681,Theodoric,Pinckard,tpinckardiw@microsoft.com,Male,65.101.5.168
682,Hunt,Siflet,hsifletix@uol.com.br,Genderfluid,156.193.146.206
683,Clarabelle,Couchman,ccouchmaniy@shinystat.com,Female,127.88.5.68
684,Jedidiah,Cucuzza,jcucuzzaiz@instagram.com,Male,65.97.122.153
685,Cassi,Mackneis,cmackneisj0@mysql.com,Female,78.223.144.241
686,Jayson,Comerford,jcomerfordj1@weebly.com,Male,235.93.216.130
687,Claudelle,Waggitt,cwaggittj2@geocities.com,Female,187.112.14.161
688,Farris,Fentem,ffentemj3@simplemachines.org,Male,184.152.129.43
689,Estrella,Noonan,enoonanj4@webmd.com,Female,27.66.239.187
690,Eduard,Raff,eraffj5@so-net.ne.jp,Agender,245.174.51.109
691,Tybi,Gubbins,tgubbinsj6@sbwire.com,Female,86.128.195.46
692,Mahalia,Endean,mendeanj7@about.com,Female,162.162.220.68
693,Corinne,Faichney,cfaichneyj8@businessweek.com,Genderfluid,193.204.227.31
694,Laney,Doyle,ldoylej9@twitpic.com,Genderfluid,81.67.135.74
695,Carson,Tembridge,ctembridgeja@chron.com,Male,174.17.52.213
696,Valentino,Bouchier,vbouchierjb@spiegel.de,Male,56.177.154.60
697,Herve,Palfree,hpalfreejc@moonfruit.com,Genderqueer,159.60.99.146
698,Tremayne,Bierton,tbiertonjd@nasa.gov,Male,42.40.115.172
699,Hannie,Binnell,hbinnellje@youtube.com,Female,104.47.215.21
700,Ame,McLachlan,amclachlanjf@purevolume.com,Female,170.24.36.134
701,Cos,Iorillo,ciorillojg@vinaora.com,Male,79.237.158.24
702,Stearn,Harpur,sharpurjh@netscape.com,Male,26.125.33.123
703,Raimondo,Westbury,rwestburyji@bbc.co.uk,Male,196.23.167.130
704,Tanitansy,Dellow,tdellowjj@marriott.com,Female,201.118.228.186
705,Orelee,Kilpatrick,okilpatrickjk@theguardian.com,Female,166.112.177.177
706,Yard,Mapston,ymapstonjl@washingtonpost.com,Male,136.11.208.95
707,Cordelie,Spurret,cspurretjm@joomla.org,Female,212.17.242.84
708,Gerald,Lewington,glewingtonjn@surveymonkey.com,Male,3.249.70.79
709,Temple,Boneham,tbonehamjo@washington.edu,Male,238.247.44.195
710,Essie,Feldon,efeldonjp@tripod.com,Female,169.99.64.227
711,Shandee,Cope,scopejq@nifty.com,Female,226.56.52.94
712,Zachery,Hastilow,zhastilowjr@hexun.com,Male,18.205.128.43
713,Jaynell,Cranmere,jcranmerejs@time.com,Female,71.83.85.72
714,Franz,Condict,fcondictjt@ovh.net,Agender,222.98.147.178
715,Lelah,Shirtcliffe,lshirtcliffeju@angelfire.com,Female,112.201.94.245
716,Weidar,Edgerton,wedgertonjv@yellowbook.com,Male,220.255.67.73
717,Letizia,Mc Trusty,lmctrustyjw@e-recht24.de,Female,6.92.35.46
718,Vyky,Devereux,vdevereuxjx@google.cn,Female,189.247.58.103
719,Joe,Garbett,jgarbettjy@twitter.com,Male,105.174.60.222
720,Willette,Pinnick,wpinnickjz@csmonitor.com,Female,145.19.77.222
721,Livia,Huguet,lhuguetk0@berkeley.edu,Female,155.3.91.71
722,Barron,McLugish,bmclugishk1@washington.edu,Male,28.71.157.26
723,Ellyn,Surridge,esurridgek2@slate.com,Female,155.252.99.225
724,Carilyn,Verbrugge,cverbruggek3@furl.net,Female,84.75.177.44
725,Gun,Authers,gauthersk4@tinyurl.com,Male,114.201.142.64
726,Jozef,Gregg,jgreggk5@upenn.edu,Male,196.212.149.218
727,Ciel,Raisher,craisherk6@geocities.com,Female,179.26.176.10
728,Nevil,Troutbeck,ntroutbeckk7@wufoo.com,Male,202.102.84.120
729,Malcolm,Jasiak,mjasiakk8@google.nl,Male,92.162.250.128
730,Giffer,Fraulo,gfraulok9@ameblo.jp,Male,244.254.185.124
731,Brit,Jotham,bjothamka@qq.com,Female,237.199.132.246
732,Patricia,Brosnan,pbrosnankb@webnode.com,Female,46.69.31.8
733,Jacob,Wallice,jwallicekc@dedecms.com,Polygender,21.160.249.248
734,Margo,Bewsy,mbewsykd@weather.com,Female,157.135.118.222
735,Arlina,Mocker,amockerke@yellowbook.com,Female,68.11.152.51
736,Jacques,Twiggins,jtwigginskf@google.com.hk,Genderqueer,195.223.102.136
737,Nichole,Howerd,nhowerdkg@hugedomains.com,Male,43.98.96.171
738,Marie,Cosgrave,mcosgravekh@icq.com,Female,78.210.88.142
739,Valentino,Calderbank,vcalderbankki@wunderground.com,Male,19.227.78.69
740,Britte,Webster,bwebsterkj@geocities.jp,Female,197.111.159.183
741,Nana,Rawood,nrawoodkk@bravesites.com,Female,99.141.184.199
742,Dino,Dulake,ddulakekl@twitter.com,Male,44.118.133.173
743,Perri,Mereweather,pmereweatherkm@usda.gov,Female,11.245.197.82
744,Jannel,Teal,jtealkn@nsw.gov.au,Female,252.249.68.148
745,Sascha,Janda,sjandako@telegraph.co.uk,Male,210.147.64.138
746,Laird,Mossom,lmossomkp@cmu.edu,Male,83.109.239.104
747,Appolonia,Petrushkevich,apetrushkevichkq@i2i.jp,Female,145.6.75.211
748,Ferdinanda,O'Finan,fofinankr@google.com.au,Female,3.35.183.246
749,Jakob,Hick,jhickks@europa.eu,Male,255.143.104.48
750,Miriam,Bewshire,mbewshirekt@about.me,Female,226.156.98.217
751,Hebert,Tuff,htuffku@zdnet.com,Male,55.140.75.9
752,Silvan,Teal,stealkv@e-recht24.de,Male,113.35.235.145
753,Fenelia,Pocklington,fpocklingtonkw@symantec.com,Female,112.80.81.94
754,Lorenza,Arkle,larklekx@amazonaws.com,Female,154.135.214.126
755,Allayne,Marciek,amarciekky@scribd.com,Polygender,228.160.194.73
756,Netta,Abelson,nabelsonkz@fc2.com,Female,60.81.142.241
757,Brita,Basden,bbasdenl0@upenn.edu,Female,49.9.38.90
758,Dilly,Scotland,dscotlandl1@ask.com,Male,94.178.127.98
759,Mylo,Jolland,mjollandl2@dion.ne.jp,Male,21.83.197.72
760,Andros,Burry,aburryl3@phpbb.com,Agender,84.29.37.164
761,Gerry,Fayers,gfayersl4@seattletimes.com,Male,98.153.161.93
762,Luis,Monard,lmonardl5@linkedin.com,Male,167.193.30.31
763,Archibald,Lorant,alorantl6@bloomberg.com,Male,197.217.44.107
764,Katrine,Chaundy,kchaundyl7@printfriendly.com,Genderfluid,136.99.128.195
765,Colline,Endersby,cendersbyl8@prlog.org,Female,35.166.24.21
766,Aile,Whistance,awhistancel9@europa.eu,Female,150.213.73.86
767,Sergent,Tow,stowla@amazonaws.com,Genderfluid,216.39.146.39
768,Gabbie,Hatchman,ghatchmanlb@bloomberg.com,Male,14.87.169.2
769,Ronna,McVittie,rmcvittielc@linkedin.com,Female,31.24.50.182
770,Tabbie,Rodinger,trodingerld@phoca.cz,Male,201.194.177.226
771,Amalia,O'Corhane,aocorhanele@imdb.com,Female,86.94.88.156
772,Sayers,Kmieciak,skmieciaklf@cloudflare.com,Male,183.184.109.94
773,Iago,Innett,iinnettlg@mediafire.com,Male,133.245.200.87
774,Burk,Mullin,bmullinlh@businessinsider.com,Male,25.170.181.150
775,Jolene,Doak,jdoakli@qq.com,Female,108.31.171.131
776,Lanita,Tolhurst,ltolhurstlj@ovh.net,Female,69.147.6.85
777,Taber,Thirsk,tthirsklk@hostgator.com,Male,177.76.212.174
778,Yvon,Bayston,ybaystonll@unc.edu,Male,160.114.248.162
779,Kelvin,Maynell,kmaynelllm@house.gov,Male,3.128.181.53
780,Gabbie,Pickerill,gpickerillln@bigcartel.com,Male,62.241.186.5
781,Nick,Bentham3,nbenthamlo@people.com.cn,Male,150.110.187.182
782,Kellina,Stuehmeier,kstuehmeierlp@exblog.jp,Female,95.6.107.226
783,Ganny,Toke,gtokelq@wikipedia.org,Male,194.203.80.108
784,Dill,Cradock,dcradocklr@youtu.be,Male,172.171.223.44
785,George,Undrell,gundrellls@upenn.edu,Male,158.226.75.4
786,Carlen,Fiennes,cfienneslt@opensource.org,Female,95.79.40.27
787,Arleen,Coverdill,acoverdilllu@youtu.be,Female,125.28.171.162
788,Durward,Impy,dimpylv@nature.com,Male,139.67.156.161
789,Nelia,Fonzo,nfonzolw@icq.com,Female,137.141.206.92
790,Case,Anselm,canselmlx@nifty.com,Male,222.177.184.203
791,Elbertina,Kellar,ekellarly@webs.com,Female,17.152.216.245
792,Kathye,Mannin,kmanninlz@loc.gov,Female,116.116.118.243
793,Grady,Norker,gnorkerm0@independent.co.uk,Male,184.106.99.55
794,Zach,Pickover,zpickoverm1@smh.com.au,Male,44.16.220.184
795,Cecilla,Hedau,chedaum2@eepurl.com,Female,50.58.71.43
796,Shelbi,Isacsson,sisacssonm3@intel.com,Female,71.228.58.149
797,Irwinn,Vowdon,ivowdonm4@nih.gov,Male,78.104.67.80
798,Cecilia,Bowerman,cbowermanm5@chronoengine.com,Female,50.232.207.142
799,Noreen,Oneile,noneilem6@phoca.cz,Female,10.45.69.9
800,Harmon,Kennet,hkennetm7@miibeian.gov.cn,Male,218.184.141.180
801,Leslie,Ladel,lladelm8@nhs.uk,Female,57.48.15.206
802,Del,Hedworth,dhedworthm9@ow.ly,Male,131.119.36.222
803,Dicky,Petranek,dpetranekma@eventbrite.com,Male,207.222.245.182
804,Vania,Tabner,vtabnermb@cargocollective.com,Female,233.13.141.29
805,Tome,McDonell,tmcdonellmc@discovery.com,Male,16.88.61.196
806,Nikita,Ortell,nortellmd@aboutads.info,Male,157.64.6.131
807,Barnabas,Arbon,barbonme@pen.io,Agender,203.222.211.57
808,Theadora,Ricardet,tricardetmf@archive.org,Female,42.60.155.129
809,Laetitia,Headingham,lheadinghammg@wsj.com,Female,239.177.14.81
810,Israel,Grimwood,igrimwoodmh@php.net,Male,195.136.185.234
811,Ebeneser,Lempke,elempkemi@wired.com,Male,224.89.243.14
812,Raychel,Lant,rlantmj@latimes.com,Female,148.92.206.149
813,Rochette,Braemer,rbraemermk@storify.com,Female,51.48.106.217
814,Otto,Bratten,obrattenml@ucoz.com,Male,144.196.149.209
815,Donni,Lathleiffure,dlathleiffuremm@webeden.co.uk,Female,185.100.34.212
816,Regan,Farrell,rfarrellmn@prnewswire.com,Bigender,81.37.231.133
817,Georgi,Joust,gjoustmo@tiny.cc,Male,53.100.61.227
818,Marwin,Basindale,mbasindalemp@opensource.org,Male,212.37.90.120
819,Field,Foxton,ffoxtonmq@icq.com,Male,164.207.193.27
820,Joachim,Eblein,jebleinmr@psu.edu,Male,228.167.67.233
821,Marianna,Matveichev,mmatveichevms@wunderground.com,Genderfluid,58.26.27.86
822,Abelard,Tegler,ateglermt@woothemes.com,Male,183.36.230.82
823,Ruperto,Luck,rluckmu@nasa.gov,Male,112.192.184.73
824,Kristoffer,Wogdon,kwogdonmv@mozilla.com,Male,236.43.89.138
825,Linnell,Carcas,lcarcasmw@weather.com,Female,141.245.255.20
826,Layne,Strettell,lstrettellmx@elpais.com,Female,238.241.5.131
827,Katlin,O'Kennavain,kokennavainmy@ucla.edu,Female,164.207.159.170
828,Mickie,Boxer,mboxermz@bizjournals.com,Female,243.146.94.29
829,Arlen,Joskowicz,ajoskowiczn0@independent.co.uk,Male,160.10.221.25
830,Cherie,Lorenzetto,clorenzetton1@drupal.org,Female,192.194.153.108
831,Stanley,Compford,scompfordn2@weather.com,Male,21.152.179.119
832,Evangeline,Shavel,eshaveln3@is.gd,Female,235.195.7.6
833,Appolonia,Watting,awattingn4@plala.or.jp,Genderfluid,209.212.106.160
834,Joann,Gonthard,jgonthardn5@ask.com,Female,200.89.188.98
835,Odele,Fullun,ofullunn6@tamu.edu,Female,23.191.101.137
836,Mendie,Dreini,mdreinin7@seesaa.net,Male,254.128.145.24
837,Stacie,Corston,scorstonn8@geocities.com,Female,162.165.158.81
838,Dewie,Currom,dcurromn9@goo.ne.jp,Male,72.180.172.252
839,Wang,Cogin,wcoginna@ucoz.ru,Male,36.216.177.129
840,Minerva,Grahlman,mgrahlmannb@altervista.org,Female,81.11.143.246
841,Maddy,Whitelaw,mwhitelawnc@psu.edu,Male,89.23.77.194
842,Fiorenze,Amott,famottnd@bravesites.com,Female,216.194.43.20
843,Karleen,Marples,kmarplesne@a8.net,Female,239.102.7.221
844,Theresina,Ranscomb,transcombnf@vistaprint.com,Female,133.31.168.0
845,Eveline,Cahalan,ecahalanng@ehow.com,Female,52.66.163.64
846,Larina,Langham,llanghamnh@is.gd,Female,169.225.148.133
847,Kaitlynn,Edworthie,kedworthieni@mlb.com,Female,21.163.65.110
848,Thurstan,Douche,tdouchenj@ibm.com,Polygender,194.46.192.223
849,Amata,Wildgoose,awildgoosenk@usgs.gov,Polygender,231.206.200.1
850,Dulcinea,Crosfield,dcrosfieldnl@japanpost.jp,Female,117.141.163.86
851,Marchall,Moggie,mmoggienm@fda.gov,Male,189.215.105.236
852,Cletus,Hofner,chofnernn@example.com,Male,70.110.113.187
853,Kasey,Dukes,kdukesno@vistaprint.com,Female,15.173.45.86
854,Dicky,Casolla,dcasollanp@privacy.gov.au,Male,6.40.183.231
855,Moise,Dalmon,mdalmonnq@hibu.com,Male,147.255.49.245
856,Lucio,Davern,ldavernnr@wix.com,Male,45.15.184.54
857,Jaquenetta,Pues,jpuesns@is.gd,Female,86.252.185.118
858,Wyatan,Daal,wdaalnt@uol.com.br,Genderqueer,198.123.23.61
859,Judye,Drust,jdrustnu@github.com,Female,216.202.131.221
860,Jacob,Stebbin,jstebbinnv@blinklist.com,Male,222.45.89.105
861,Dixie,Shafto,dshaftonw@princeton.edu,Female,54.98.118.98
862,Pancho,Shucksmith,pshucksmithnx@jimdo.com,Male,252.48.118.249
863,Lou,Schirok,lschirokny@sakura.ne.jp,Male,76.201.20.72
864,Grace,Franken,gfrankennz@purevolume.com,Male,39.217.148.193
865,Elvyn,Remnant,eremnanto0@bbc.co.uk,Male,1.156.165.250
866,Clarance,Aubery,cauberyo1@wordpress.com,Male,50.169.139.59
867,Somerset,Trigwell,strigwello2@patch.com,Male,17.31.227.129
868,Nat,Jeduch,njeducho3@wix.com,Male,234.226.69.64
869,Mady,MacAulay,mmacaulayo4@cbslocal.com,Female,251.144.98.187
870,Jaye,Bassingden,jbassingdeno5@ox.ac.uk,Male,191.124.180.187
871,Meggy,Scandroot,mscandrooto6@xrea.com,Female,211.39.25.83
872,Clark,Mabb,cmabbo7@businessinsider.com,Male,158.134.154.164
873,Dov,De Atta,ddeattao8@yolasite.com,Male,228.140.177.184
874,Sallyann,Dollin,sdollino9@noaa.gov,Genderfluid,157.183.32.221
875,Dee,Van Dijk,dvandijkoa@ifeng.com,Female,44.125.155.54
876,Avie,Dowsett,adowsettob@amazon.de,Female,188.85.5.100
877,Bennie,McChesney,bmcchesneyoc@virginia.edu,Male,239.62.73.7
878,Delaney,Woodman,dwoodmanod@sphinn.com,Male,42.161.77.167
879,Jeremiah,Lummasana,jlummasanaoe@dyndns.org,Male,32.96.46.150
880,Brett,Mantrup,bmantrupof@squidoo.com,Male,75.46.113.190
881,Mahala,McKinlay,mmckinlayog@yolasite.com,Female,68.130.61.56
882,Katharine,Romanet,kromanetoh@businessinsider.com,Female,26.106.66.165
883,Sashenka,Connar,sconnaroi@photobucket.com,Female,97.97.13.15
884,Germain,Grishechkin,ggrishechkinoj@adobe.com,Male,64.94.236.119
885,Job,Cahan,jcahanok@taobao.com,Male,115.35.5.33
886,Launce,Veld,lveldol@godaddy.com,Male,7.204.14.234
887,Rozamond,Sanford,rsanfordom@engadget.com,Female,79.22.16.199
888,Quentin,Lavall,qlavallon@nytimes.com,Female,235.71.137.172
889,Luella,Livesey,lliveseyoo@jigsy.com,Female,38.222.27.213
890,Demott,Hedgeman,dhedgemanop@goo.gl,Male,105.138.47.208
891,Jesus,Sturley,jsturleyoq@example.com,Male,21.37.164.243
892,Adoree,Iskowicz,aiskowiczor@histats.com,Female,151.164.64.63
893,Ivy,Godber,igodberos@networkadvertising.org,Non-binary,113.28.207.20
894,Reggie,Sibbet,rsibbetot@tamu.edu,Non-binary,237.240.45.197
895,Henrie,Picknett,hpicknettou@intel.com,Female,90.72.83.39
896,Lemuel,Popeley,lpopeleyov@odnoklassniki.ru,Male,86.67.14.218
897,Lexi,Downgate,ldowngateow@devhub.com,Genderqueer,238.223.254.13
898,Cyrille,Luscott,cluscottox@illinois.edu,Male,86.218.195.225
899,Kinnie,Jeannenet,kjeannenetoy@printfriendly.com,Male,181.73.124.109
900,Onofredo,McKellar,omckellaroz@nydailynews.com,Male,73.29.40.77
901,Chrisse,O'Teague,coteaguep0@un.org,Male,242.13.164.168
902,Clareta,Stephenson,cstephensonp1@engadget.com,Female,17.133.248.215
903,Helyn,Treffrey,htreffreyp2@yahoo.co.jp,Female,79.109.0.93
904,Kelbee,McLoughlin,kmcloughlinp3@livejournal.com,Male,211.253.45.219
905,Homerus,Dugmore,hdugmorep4@t.co,Male,219.16.219.221
906,Milli,Wrefford,mwreffordp5@hc360.com,Female,117.84.90.20
907,Joeann,MacNess,jmacnessp6@cornell.edu,Female,87.75.0.166
908,Hodge,McLarty,hmclartyp7@soundcloud.com,Male,43.140.25.184
909,Tamiko,Dorey,tdoreyp8@51.la,Female,225.9.171.145
910,Mathilde,Peel,mpeelp9@skype.com,Female,12.120.113.83
911,Joscelin,Jina,jjinapa@furl.net,Female,242.16.246.118
912,Hedi,Merner,hmernerpb@psu.edu,Female,214.52.100.19
913,Arlinda,Degoe,adegoepc@linkedin.com,Polygender,188.37.190.12
914,Northrop,Tythacott,ntythacottpd@wsj.com,Male,174.182.116.246
915,Ashbey,Hrishchenko,ahrishchenkope@digg.com,Male,109.155.53.183
916,Alanson,Fero,aferopf@pcworld.com,Male,204.191.255.39
917,Raeann,Hirthe,rhirthepg@behance.net,Female,131.157.158.37
918,Orland,Housley,ohousleyph@163.com,Male,200.102.5.43
919,Shannon,Castelletti,scastellettipi@narod.ru,Male,3.84.130.198
920,Amelia,Hambridge,ahambridgepj@imgur.com,Female,15.59.186.46
921,Dru,Darwin,ddarwinpk@npr.org,Genderfluid,152.243.100.149
922,Kimberli,Storek,kstorekpl@diigo.com,Female,19.134.224.58
923,Paolo,Meriot,pmeriotpm@omniture.com,Agender,205.161.176.165
924,Tedman,Burgane,tburganepn@slate.com,Male,32.98.92.46
925,Leeland,Proven,lprovenpo@yolasite.com,Male,178.83.36.154
926,Drusilla,Di Domenico,ddidomenicopp@howstuffworks.com,Female,130.74.236.83
927,Ephrayim,Ranscomb,eranscombpq@wisc.edu,Male,176.165.104.45
928,Benedikt,Christol,bchristolpr@ow.ly,Male,210.211.137.94
929,Lockwood,Debill,ldebillps@163.com,Male,86.223.213.250
930,Adelaide,Petry,apetrypt@bbc.co.uk,Female,202.255.131.107
931,Larissa,Daville,ldavillepu@cisco.com,Female,131.66.149.234
932,Guillaume,Shivlin,gshivlinpv@house.gov,Male,236.45.140.223
933,Donielle,Chritchlow,dchritchlowpw@theatlantic.com,Female,65.91.48.201
934,Dulcie,Rao,draopx@mlb.com,Genderfluid,250.212.129.47
935,Ogden,Pavolillo,opavolillopy@is.gd,Male,37.151.216.201
936,Vidovik,Duncanson,vduncansonpz@japanpost.jp,Male,53.164.189.237
937,Darelle,Potteril,dpotterilq0@google.co.uk,Polygender,89.14.124.81
938,Major,Hefner,mhefnerq1@ocn.ne.jp,Male,227.157.166.27
939,Delmore,Shillington,dshillingtonq2@nymag.com,Male,58.86.110.233
940,Mortimer,Arnowicz,marnowiczq3@auda.org.au,Male,227.216.120.78
941,Suzi,Riddiford,sriddifordq4@live.com,Female,49.104.68.3
942,Vassily,Franceschino,vfranceschinoq5@bravesites.com,Male,22.127.69.172
943,Rafa,Bigham,rbighamq6@networkadvertising.org,Female,1.84.49.48
944,Pooh,Morilla,pmorillaq7@smugmug.com,Female,110.50.98.210
945,Luisa,Nolli,lnolliq8@wp.com,Female,253.93.235.151
946,Robert,Lymbourne,rlymbourneq9@thetimes.co.uk,Male,23.78.80.125
947,Ajay,Schulke,aschulkeqa@vimeo.com,Female,113.46.46.209
948,Caroline,Blissitt,cblissittqb@ustream.tv,Female,128.135.22.64
949,Eberto,Drysdell,edrysdellqc@symantec.com,Male,243.75.248.88
950,Keslie,Castelot,kcastelotqd@ca.gov,Female,85.72.52.138
951,Howey,Birk,hbirkqe@businessinsider.com,Male,184.179.64.23
952,Karola,Folini,kfoliniqf@de.vu,Female,56.91.9.224
953,Jessa,Paff,jpaffqg@independent.co.uk,Female,59.110.78.78
954,Hewett,Monksfield,hmonksfieldqh@devhub.com,Male,156.117.168.92
955,Sig,Songer,ssongerqi@xinhuanet.com,Male,147.249.113.181
956,Ian,Ashness,iashnessqj@opera.com,Male,20.112.143.194
957,Maggie,Withrop,mwithropqk@ocn.ne.jp,Genderfluid,116.211.54.100
958,Rene,Garred,rgarredql@time.com,Male,37.239.230.14
959,Dane,MacDougall,dmacdougallqm@icq.com,Male,9.252.209.7
960,Willow,Rymell,wrymellqn@theatlantic.com,Female,162.180.234.132
961,Harri,Fessions,hfessionsqo@upenn.edu,Female,140.230.26.174
962,Claretta,Fettiplace,cfettiplaceqp@freewebs.com,Genderfluid,127.72.103.184
963,Letisha,Grigoliis,lgrigoliisqq@stanford.edu,Female,46.240.215.52
964,Kylynn,Paoloni,kpaoloniqr@ftc.gov,Female,171.206.9.18
965,Wendye,Roskrug,wroskrugqs@google.co.jp,Bigender,43.71.12.72
966,Scotty,Limpkin,slimpkinqt@dyndns.org,Male,143.178.6.173
967,Jecho,Simco,jsimcoqu@miibeian.gov.cn,Male,59.135.54.172
968,Erika,Northfield,enorthfieldqv@patch.com,Female,245.253.220.191
969,Townie,Ledbury,tledburyqw@networkadvertising.org,Male,214.220.44.100
970,Rodolph,Jeffcock,rjeffcockqx@geocities.com,Male,99.165.29.101
971,Cindie,Coiley,ccoileyqy@sourceforge.net,Female,252.204.34.21
972,Tybalt,Mahoney,tmahoneyqz@webeden.co.uk,Male,186.27.117.160
973,Dionysus,Plewman,dplewmanr0@bluehost.com,Male,150.171.220.100
974,Avie,MattiCCI,amatticcir1@vkontakte.ru,Bigender,45.6.223.161
975,Aluino,Stampfer,astampferr2@salon.com,Male,174.244.38.162
976,Lynda,Ruttgers,lruttgersr3@livejournal.com,Female,41.117.76.77
977,Zoe,Vasyukhichev,zvasyukhichevr4@wikimedia.org,Female,220.96.171.120
978,Albina,Zelake,azelaker5@joomla.org,Female,231.192.56.59
979,Hildegaard,Tuison,htuisonr6@europa.eu,Female,232.127.17.19
980,Ezra,Gabbitis,egabbitisr7@smugmug.com,Male,117.165.144.119
981,Torry,Pietrusiak,tpietrusiakr8@hhs.gov,Male,14.250.25.204
982,Fifine,Rockingham,frockinghamr9@mediafire.com,Female,121.21.61.103
983,Kenon,Deppen,kdeppenra@army.mil,Bigender,112.131.83.104
984,Jorge,O'Murtagh,jomurtaghrb@narod.ru,Male,74.176.105.245
985,Odelia,Sinton,osintonrc@amazonaws.com,Female,90.232.82.152
986,Mylo,Easthope,measthoperd@fema.gov,Male,247.189.133.45
987,Antonio,Lessmare,alessmarere@prnewswire.com,Male,223.157.167.233
988,Randi,Campagne,rcampagnerf@diigo.com,Male,251.229.104.155
989,Danna,Springham,dspringhamrg@wufoo.com,Female,120.61.13.227
990,Scarface,Lunge,slungerh@weather.com,Male,235.109.64.255
991,Meyer,Pideon,mpideonri@people.com.cn,Polygender,63.152.70.235
992,Morey,Letch,mletchrj@techcrunch.com,Male,139.19.163.195
993,Lannie,Halford,lhalfordrk@msn.com,Male,41.176.172.228
994,Corbet,Maguire,cmaguirerl@indiegogo.com,Male,67.17.49.84
995,Honoria,Trude,htruderm@desdev.cn,Female,194.47.191.253
996,Betsey,Mower,bmowerrn@google.com.au,Female,127.14.8.60
997,Roxine,MacBean,rmacbeanro@drupal.org,Female,157.107.95.6
998,Monty,Schapero,mschaperorp@smugmug.com,Bigender,193.121.95.144
999,Lovell,Jugging,ljuggingrq@arizona.edu,Male,233.34.43.75
1000,Theresita,Capron,tcapronrr@skype.com,Female,164.84.144.238